"id","parent_location_id","number","name"
"1","1","2","Student Residences - Arbutus (qa:n l hp)"
"2","1","3","Student Residences - Alder (kwulala'ulhp)"
"3","1","4","Student Residences - Cedar Centre (Xpey)"
"4","1","5","Student Residences - Fir (csey)"
"5","1","6","Student Residences - Pine"
"6","1","7","Student Residences - Hemlock ('thqinlhp)"
"7","1","8","Student Residences - Yew (tux wa'culhp)"
"8","1","9","Student Residences - Spruce"
"9","1","10","Student Residences - Cottonwood"
"10","1","11","Student Residences - Maple (qumuluhp)"
"11","1","100","Offices"
"12","1","105","Equipment Storage"
"13","1","110","Heavy Mechanical/Construction"
"14","1","115","Electrical Technologies Complex"
"15","1","120","Facilities Services & Campus Dev."
"16","1","130","Welding Shop"
"17","1","140","Storage"
"18","1","150","Automotive Shop"
"19","1","155","Motorcycle/Marine Program"
"20","1","164","Hairdressing"
"21","1","165","Classrooms"
"22","1","170","Aboriginal Gathering Place"
"23","1","178","Classrooms/Offices"
"24","1","180","ASTEC"
"25","1","185","Bakery/Cafeteria - Lower"
"26","1","190","Gymnasium"
"27","1","193","Student's Union"
"28","1","200","Student Affairs"
"29","1","205","Career & Academic Preparation"
"30","1","250","Faculty of Management Centre"
"31","1","255","Centre for International Education"
"32","1","300","Administration/Cafeteria - Main"
"33","1","305","Library/Bookstore/I.T./Print Shop"
"34","1","310","Theatre/University Relations"
"35","1","315","Physics"
"36","1","320","Music"
"37","1","325","Visual & Applied Arts"
"38","1","330","Nanaimo Art Gallery & Exhibition Centre"
"39","1","335","Childcare/Offices"
"40","1","340","Faculty of Arts & Humanities Offices"
"41","1","345","Faculty of Arts & Humanities Classrooms"
"42","1","350","The High School at Vancouver Island University"
"43","1","355","Arts & Sciences"
"44","1","356","Education/Social Sciences"
"45","1","359","Offices"
"46","1","360","Math/Chemistry"
"47","1","365","Log Cabin"
"48","1","370","Environmental Sciences"
"49","1","373","Centre for Shellfish Research"
"50","1","375","Hatchery/Tank Farm"
"51","1","380","Fisheries & Aquaculture/P.I.A.F."
"52","1","385","Soils Lab (A.E.R.L.)"
"53","1","390","Service Kiosk"
"54","1","391","Experimental Aquaponics Greenhouse"
"55","1","395","International Centre for Sturgeon Studies"
