"id","name","address","city","province","postal_code","phone_number"
"1","Vancouver Island University - Nanaimo","900 Fifth Street","Nanaimo","British Columbia","V9R 5S5","250-753-3245"
"2","Vancouver Island University - Parksville-Qualicum","100 Jensen Avenue East","Parksville","British Columbia","V9P 2G3","250-248-2096"
"3","Vancouver Island University - Cowichan","2011 University Way","Duncan","British Columbia","V9L 0C7","250-746-3500"
"4","Vancouver Island University - Powell River","100 - 7085 Nootka Street","Powell River","British Columbia","V8A 3C6","604-485-2878"
